"id","prompt_zh","answer_fr","prompt","audio_url"
"1","[01 Présentation personnelle élégante｜1] 您好，我叫 Patrick，来自中国，目前生活在加拿大。","Bonjour, je m'appelle Patrick, je viens de Chine et je vis actuellement au Canada.","Présentation personnelle élégante","https://evolxd.github.io/TCFOral/audio/b2/tache1-01-pra-sentation-personnelle-a-la-gante-01-bonjour-je-m-appelle-patrick-je-viens-de-chine-et-je-vis-actuell.mp3?v=18"
"2","[01 Présentation personnelle élégante｜2] 在职业方面，我经营一家贸易公司，这让我需要与不同合作伙伴沟通并做出具体决策。","Sur le plan professionnel, je dirige une entreprise de commerce, ce qui m'amène à échanger avec différents partenaires et à prendre des décisions concrètes.","Présentation personnelle élégante","https://evolxd.github.io/TCFOral/audio/b2/tache1-01-pra-sentation-personnelle-a-la-gante-02-sur-le-plan-professionnel-je-dirige-une-entreprise-de-commerce-c.mp3?v=18"
"3","[01 Présentation personnelle élégante｜3] 我学习法语，既是为了在日常生活中更好地沟通，也是为了更长久地融入加拿大社会。","J'apprends le français à la fois pour mieux communiquer au quotidien et pour m'intégrer plus durablement dans la société canadienne.","Présentation personnelle élégante","https://evolxd.github.io/TCFOral/audio/b2/tache1-01-pra-sentation-personnelle-a-la-gante-03-j-apprends-le-francais-a-la-fois-pour-mieux-communiquer-au-quoti.mp3?v=18"
"4","[01 Présentation personnelle élégante｜4] 我的目标是无论在个人生活还是职业环境中，都能表达得更准确、更自然。","Mon objectif est de pouvoir m'exprimer avec davantage de précision et de spontanéité, aussi bien dans ma vie personnelle que professionnelle.","Présentation personnelle élégante","https://evolxd.github.io/TCFOral/audio/b2/tache1-01-pra-sentation-personnelle-a-la-gante-04-mon-objectif-est-de-pouvoir-m-exprimer-avec-davantage-de-precisi.mp3?v=18"
"5","[02 Études, travail, projet｜1] 我经营一家贸易公司，主要负责谈判、与合作伙伴协调以及重要决策。","Je dirige une entreprise de commerce, où je m'occupe notamment de la négociation, de la coordination avec les partenaires et des décisions importantes.","Études, travail, projet","https://evolxd.github.io/TCFOral/audio/b2/tache1-02-a-tudes-travail-projet-01-je-dirige-une-entreprise-de-commerce-ou-je-m-occupe-notamment-de.mp3?v=18"
"6","[02 Études, travail, projet｜2] 这份工作既需要创造力，也需要很强的适应能力，因为市场变化很快。","Ce travail exige de la créativité, mais aussi une grande capacité d'adaptation, car le marché évolue rapidement.","Études, travail, projet","https://evolxd.github.io/TCFOral/audio/b2/tache1-02-a-tudes-travail-projet-02-ce-travail-exige-de-la-creativite-mais-aussi-une-grande-capacite.mp3?v=18"
"7","[02 Études, travail, projet｜3] 例如，我会使用一些人工智能工具来更好地整理信息、改进工作方法并节省时间。","Par exemple, j'utilise certains outils d'intelligence artificielle pour mieux organiser l'information, améliorer mes méthodes de travail et gagner du temps.","Études, travail, projet","https://evolxd.github.io/TCFOral/audio/b2/tache1-02-a-tudes-travail-projet-03-par-exemple-j-utilise-certains-outils-d-intelligence-artificiell.mp3?v=18"
"8","[02 Études, travail, projet｜4] 从中期来看，我希望继续发展事业，同时在加拿大建立一个更稳定的发展规划。","À moyen terme, je souhaite continuer à développer mon activité tout en construisant un projet plus stable au Canada.","Études, travail, projet","https://evolxd.github.io/TCFOral/audio/b2/tache1-02-a-tudes-travail-projet-04-a-moyen-terme-je-souhaite-continuer-a-developper-mon-activite-to.mp3?v=18"
"9","[03 Ville, quartier, logement｜1] 我住在一个比较安静的社区，这很适合我，同时距离基本生活服务也不算远。","J'habite dans un quartier plutôt calme, ce qui me convient bien, tout en restant assez proche des services essentiels.","Ville, quartier, logement","https://evolxd.github.io/TCFOral/audio/b2/tache1-03-ville-quartier-logement-01-j-habite-dans-un-quartier-plutot-calme-ce-qui-me-convient-bien-t.mp3?v=18"
"10","[03 Ville, quartier, logement｜2] 我最看重的是出行方便，以及居住环境安全舒适。","Ce que j'apprécie surtout, c'est de pouvoir me déplacer facilement et de vivre dans un environnement sûr et agréable.","Ville, quartier, logement","https://evolxd.github.io/TCFOral/audio/b2/tache1-03-ville-quartier-logement-02-ce-que-j-apprecie-surtout-c-est-de-pouvoir-me-deplacer-facilemen.mp3?v=18"
"11","[03 Ville, quartier, logement｜3] 例如，附近有商店、公共交通和绿地，会让日常生活方便很多。","Par exemple, la proximité des commerces, des transports et des espaces verts rend la vie quotidienne beaucoup plus pratique.","Ville, quartier, logement","https://evolxd.github.io/TCFOral/audio/b2/tache1-03-ville-quartier-logement-03-par-exemple-la-proximite-des-commerces-des-transports-et-des-esp.mp3?v=18"
"12","[03 Ville, quartier, logement｜4] 对我来说，一个好的社区应该在安静、舒适和服务便利之间取得平衡。","Pour moi, un bon quartier doit offrir un équilibre entre la tranquillité, le confort et l'accès aux services.","Ville, quartier, logement","https://evolxd.github.io/TCFOral/audio/b2/tache1-03-ville-quartier-logement-04-pour-moi-un-bon-quartier-doit-offrir-un-equilibre-entre-la-tranq.mp3?v=18"
"13","[04 Loisirs et personnalité｜1] 空闲时，我主要喜欢阅读、散步和听法语内容。","Pendant mon temps libre, j'aime surtout lire, marcher et écouter des contenus en français.","Loisirs et personnalité","https://evolxd.github.io/TCFOral/audio/b2/tache1-04-loisirs-et-personnalita-01-pendant-mon-temps-libre-j-aime-surtout-lire-marcher-et-ecouter-d.mp3?v=18"
"14","[04 Loisirs et personnalité｜2] 这些活动让我能够放松，同时保持规律学习。","Ces activités me permettent de me détendre tout en continuant à apprendre de manière régulière.","Loisirs et personnalité","https://evolxd.github.io/TCFOral/audio/b2/tache1-04-loisirs-et-personnalita-02-ces-activites-me-permettent-de-me-detendre-tout-en-continuant-a.mp3?v=18"
"15","[04 Loisirs et personnalité｜3] 例如，我经常听经济或科技类节目，然后记下一些实用表达。","Par exemple, j'écoute souvent des émissions sur l'économie ou la technologie, puis je note quelques expressions utiles.","Loisirs et personnalité","https://evolxd.github.io/TCFOral/audio/b2/tache1-04-loisirs-et-personnalita-03-par-exemple-j-ecoute-souvent-des-emissions-sur-l-economie-ou-la.mp3?v=18"
"16","[04 Loisirs et personnalité｜4] 我觉得这些习惯很能体现我的性格：我好奇、坚持，而且比较务实。","Je dirais que ces habitudes reflètent assez bien ma personnalité : je suis curieux, persévérant et plutôt pragmatique.","Loisirs et personnalité","https://evolxd.github.io/TCFOral/audio/b2/tache1-04-loisirs-et-personnalita-04-je-dirais-que-ces-habitudes-refletent-assez-bien-ma-personnalite.mp3?v=18"
"17","[05 Pourquoi le Canada / le français｜1] 我学习法语，是因为我想更好地沟通，并在加拿大建立长期的发展规划。","J'apprends le français parce que je veux mieux communiquer et construire un projet durable au Canada.","Pourquoi le Canada / le français","https://evolxd.github.io/TCFOral/audio/b2/tache1-05-pourquoi-le-canada-le-frana-ais-01-j-apprends-le-francais-parce-que-je-veux-mieux-communiquer-et-co.mp3?v=18"
"18","[05 Pourquoi le Canada / le français｜2] 当然，法语在我的移民过程中也有实际价值，但我的动力不只是一场考试。","Bien sûr, cette langue a aussi une valeur pratique dans mon parcours d'immigration, mais ma motivation ne se limite pas à un examen.","Pourquoi le Canada / le français","https://evolxd.github.io/TCFOral/audio/b2/tache1-05-pourquoi-le-canada-le-frana-ais-02-bien-sur-cette-langue-a-aussi-une-valeur-pratique-dans-mon-parco.mp3?v=18"
"19","[05 Pourquoi le Canada / le français｜3] 法语能让我更好地理解我所生活的社会，并在日常生活中更加独立。","Le français me permet de mieux comprendre la société dans laquelle je vis et de devenir plus autonome au quotidien.","Pourquoi le Canada / le français","https://evolxd.github.io/TCFOral/audio/b2/tache1-05-pourquoi-le-canada-le-frana-ais-03-le-francais-me-permet-de-mieux-comprendre-la-societe-dans-laquel.mp3?v=18"
"20","[05 Pourquoi le Canada / le français｜4] 虽然进步需要持续努力，但我的目标是在个人和职业生活中都能自然地表达。","Même si les progrès demandent des efforts réguliers, mon objectif est de pouvoir m'exprimer spontanément dans ma vie personnelle et professionnelle.","Pourquoi le Canada / le français","https://evolxd.github.io/TCFOral/audio/b2/tache1-05-pourquoi-le-canada-le-frana-ais-04-meme-si-les-progres-demandent-des-efforts-reguliers-mon-objectif.mp3?v=18"
"21","[06 Réponses courtes prêtes à sortir｜1] 如果职责清楚，我更喜欢团队合作，因为直接沟通能让工作推进得更高效；不过需要专注时，我也会独立工作。","Je préfère travailler en équipe lorsque les responsabilités sont claires, car une communication directe permet d'avancer plus efficacement, même si je travaille seul quand j'ai besoin de concentration.","Réponses courtes prêtes à sortir","https://evolxd.github.io/TCFOral/audio/b2/tache1-06-ra-ponses-courtes-pra-tes-a-sortir-01-je-prefere-travailler-en-equipe-lorsque-les-responsabilites-sont.mp3?v=18"
"22","[06 Réponses courtes prêtes à sortir｜2] 我会形容自己是一个坚持而务实的人，因为无论做生意还是学习，我都能接受一步一步地进步。","Je me décrirais comme quelqu'un de persévérant et de pragmatique, car dans les affaires comme dans l'apprentissage, j'accepte de progresser étape par étape.","Réponses courtes prêtes à sortir","https://evolxd.github.io/TCFOral/audio/b2/tache1-06-ra-ponses-courtes-pra-tes-a-sortir-02-je-me-decrirais-comme-quelqu-un-de-perseverant-et-de-pragmatique.mp3?v=18"
"23","[06 Réponses courtes prêtes à sortir｜3] 周末我会在休息、家庭和一些有益活动之间寻找平衡，尤其是散步和学习法语。","Le week-end, j'essaie de trouver un équilibre entre le repos, la famille et quelques activités utiles, notamment la marche et l'apprentissage du français.","Réponses courtes prêtes à sortir","https://evolxd.github.io/TCFOral/audio/b2/tache1-06-ra-ponses-courtes-pra-tes-a-sortir-03-le-week-end-j-essaie-de-trouver-un-equilibre-entre-le-repos-la-f.mp3?v=18"
"24","[06 Réponses courtes prêtes à sortir｜4] 如果要选择一种核心品质，我会说是适应能力，因为无论在贸易中还是来到一个新国家，它都能让人更好地应对变化。","Si je devais choisir une qualité essentielle, je dirais l'adaptabilité, parce qu'elle permet de mieux réagir aux changements, aussi bien dans le commerce que dans un nouveau pays.","Réponses courtes prêtes à sortir","https://evolxd.github.io/TCFOral/audio/b2/tache1-06-ra-ponses-courtes-pra-tes-a-sortir-04-si-je-devais-choisir-une-qualite-essentielle-je-dirais-l-adaptab.mp3?v=18"
"25","[07 礼貌进入情境｜1] 您好，谢谢您抽时间给我介绍情况。","Bonjour, merci de prendre un moment pour me renseigner.","礼貌进入情境","https://evolxd.github.io/TCFOral/audio/b2/tache2-07-c-e-e-a-a-01-bonjour-merci-de-prendre-un-moment-pour-me-renseigner.mp3?v=18"
"26","[07 礼貌进入情境｜2] 我刚到这里，对这里的运作方式还不太熟悉。","Je viens d'arriver et je ne connais pas encore très bien le fonctionnement ici.","礼貌进入情境","https://evolxd.github.io/TCFOral/audio/b2/tache2-07-c-e-e-a-a-02-je-viens-d-arriver-et-je-ne-connais-pas-encore-tres-bien-le-fonc.mp3?v=18"
"27","[07 礼貌进入情境｜3] 为了避免误解，在做决定之前我想问您几个具体问题。","Pour éviter de mal comprendre, j'aimerais vous poser quelques questions précises avant de prendre une décision.","礼貌进入情境","https://evolxd.github.io/TCFOral/audio/b2/tache2-07-c-e-e-a-a-03-pour-eviter-de-mal-comprendre-j-aimerais-vous-poser-quelques-que.mp3?v=18"
"28","[07 礼貌进入情境｜4] 我的主要目标是弄清楚条件、步骤，以及需要特别注意的重点。","Mon objectif est surtout de comprendre les conditions, les étapes et les points importants auxquels je dois faire attention.","礼貌进入情境","https://evolxd.github.io/TCFOral/audio/b2/tache2-07-c-e-e-a-a-04-mon-objectif-est-surtout-de-comprendre-les-conditions-les-etapes.mp3?v=18"
"29","[08 合租/租房核心问题｜1] 首先，您能具体介绍一下这个住房吗？","Pour commencer, pourriez-vous me décrire le logement de manière concrète ?","合租/租房核心问题","https://evolxd.github.io/TCFOral/audio/b2/tache2-08-a-c-c-a-e-e-01-pour-commencer-pourriez-vous-me-decrire-le-logement-de-maniere-c.mp3?v=18"
"30","[08 合租/租房核心问题｜2] 我想了解面积、整体状况、已有家具，也想知道楼里的氛围。","J'aimerais connaître la superficie, l'état général et les meubles disponibles, mais aussi l'ambiance de l'immeuble.","合租/租房核心问题","https://evolxd.github.io/TCFOral/audio/b2/tache2-08-a-c-c-a-e-e-02-j-aimerais-connaitre-la-superficie-l-etat-general-et-les-meubles.mp3?v=18"
"31","[08 合租/租房核心问题｜3] 接着，房租里包含什么：暖气、电费、网络或保险吗？","Ensuite, qu'est-ce qui est inclus dans le loyer : chauffage, électricité, Internet ou assurance ?","合租/租房核心问题","https://evolxd.github.io/TCFOral/audio/b2/tache2-08-a-c-c-a-e-e-03-ensuite-qu-est-ce-qui-est-inclus-dans-le-loyer-chauffage-electri.mp3?v=18"
"32","[08 合租/租房核心问题｜4] 日常生活方面，关于噪音、访客或公共空间有没有特别规定？","Et pour la vie quotidienne, y a-t-il des règles particulières concernant le bruit, les invités ou les espaces communs ?","合租/租房核心问题","https://evolxd.github.io/TCFOral/audio/b2/tache2-08-a-c-c-a-e-e-04-et-pour-la-vie-quotidienne-y-a-t-il-des-regles-particulieres-con.mp3?v=18"
"33","[08 合租/租房核心问题｜5] 最后，这个街区在交通、购物和办理行政手续方面方便吗？","Enfin, le quartier est-il pratique pour les transports, les courses et les démarches administratives ?","合租/租房核心问题","https://evolxd.github.io/TCFOral/audio/b2/tache2-08-a-c-c-a-e-e-05-enfin-le-quartier-est-il-pratique-pour-les-transports-les-course.mp3?v=18"
"34","[09 课程、协会、文化活动｜1] 报名之前，我想具体了解这个活动是怎么进行的。","Avant de m'inscrire, j'aimerais comprendre concrètement comment l'activité se déroule.","课程、协会、文化活动","https://evolxd.github.io/TCFOral/audio/b2/tache2-09-e-c-a-a-a-a-a-a-01-avant-de-m-inscrire-j-aimerais-comprendre-concretement-comment-l.mp3?v=18"
"35","[09 课程、协会、文化活动｜2] 它面向什么人群？参加需要什么水平？","À quel public s'adresse-t-elle, et quel niveau faut-il avoir pour participer ?","课程、协会、文化活动","https://evolxd.github.io/TCFOral/audio/b2/tache2-09-e-c-a-a-a-a-a-a-02-a-quel-public-s-adresse-t-elle-et-quel-niveau-faut-il-avoir-pour.mp3?v=18"
"36","[09 课程、协会、文化活动｜3] 这个项目是比较自由轻松，还是有明确目标的结构化安排？","Le programme est-il plutôt libre et convivial, ou bien structuré avec des objectifs précis ?","课程、协会、文化活动","https://evolxd.github.io/TCFOral/audio/b2/tache2-09-e-c-a-a-a-a-a-a-03-le-programme-est-il-plutot-libre-et-convivial-ou-bien-structure.mp3?v=18"
"37","[09 课程、协会、文化活动｜4] 一般来说，每次有多少人参加？","En général, combien de personnes participent à chaque séance ?","课程、协会、文化活动","https://evolxd.github.io/TCFOral/audio/b2/tache2-09-e-c-a-a-a-a-a-a-04-en-general-combien-de-personnes-participent-a-chaque-seance.mp3?v=18"
"38","[09 课程、协会、文化活动｜5] 在长期报名之前，可以先试听或试参加一次吗？","Enfin, est-il possible de faire un essai avant de s'engager pour une période plus longue ?","课程、协会、文化活动","https://evolxd.github.io/TCFOral/audio/b2/tache2-09-e-c-a-a-a-a-a-a-05-enfin-est-il-possible-de-faire-un-essai-avant-de-s-engager-pour.mp3?v=18"
"39","[10 旅游、交通、租车｜1] 为了安排这次出行，您能告诉我最实用的选择吗？","Pour organiser ce déplacement, pourriez-vous m'indiquer les options les plus pratiques ?","旅游、交通、租车","https://evolxd.github.io/TCFOral/audio/b2/tache2-10-a-a-e-a-c-e-01-pour-organiser-ce-deplacement-pourriez-vous-m-indiquer-les-optio.mp3?v=18"
"40","[10 旅游、交通、租车｜2] 我主要想比较价格、路程时间和舒适度。","Je voudrais surtout comparer le prix, la durée du trajet et le niveau de confort.","旅游、交通、租车","https://evolxd.github.io/TCFOral/audio/b2/tache2-10-a-a-e-a-c-e-02-je-voudrais-surtout-comparer-le-prix-la-duree-du-trajet-et-le-ni.mp3?v=18"
"41","[10 旅游、交通、租车｜3] 预订之前，需要准备文件、保险，或者注意取消条件吗？","Avant de réserver, y a-t-il des documents, une assurance ou des conditions d'annulation à prévoir ?","旅游、交通、租车","https://evolxd.github.io/TCFOral/audio/b2/tache2-10-a-a-e-a-c-e-03-avant-de-reserver-y-a-t-il-des-documents-une-assurance-ou-des-co.mp3?v=18"
"42","[10 旅游、交通、租车｜4] 如果真的出现延误或问题，应该走什么流程？","Et si jamais il y a un retard ou un problème, quelle est la procédure à suivre ?","旅游、交通、租车","https://evolxd.github.io/TCFOral/audio/b2/tache2-10-a-a-e-a-c-e-04-et-si-jamais-il-y-a-un-retard-ou-un-probleme-quelle-est-la-proce.mp3?v=18"
"43","[10 旅游、交通、租车｜5] 如果我的预算有限，您会优先推荐哪种方案？","Si mon budget est limité, quelle solution me conseilleriez-vous en priorité ?","旅游、交通、租车","https://evolxd.github.io/TCFOral/audio/b2/tache2-10-a-a-e-a-c-e-05-si-mon-budget-est-limite-quelle-solution-me-conseilleriez-vous-e.mp3?v=18"
"44","[11 预约与服务细节｜1] 确认之前，我想核实几个实际信息。","Avant de confirmer, j'aimerais vérifier quelques informations pratiques.","预约与服务细节","https://evolxd.github.io/TCFOral/audio/b2/tache2-11-e-c-a-a-c-e-01-avant-de-confirmer-j-aimerais-verifier-quelques-informations-pra.mp3?v=18"
"45","[11 预约与服务细节｜2] 有哪些可选时间、准确价格，以及接受哪些付款方式？","Quels sont les horaires disponibles, les tarifs exacts et les moyens de paiement acceptés ?","预约与服务细节","https://evolxd.github.io/TCFOral/audio/b2/tache2-11-e-c-a-a-c-e-02-quels-sont-les-horaires-disponibles-les-tarifs-exacts-et-les-moy.mp3?v=18"
"46","[11 预约与服务细节｜3] 我这边需要提前到达，或者携带某个特别文件吗？","De mon côté, faut-il arriver en avance ou apporter un document particulier ?","预约与服务细节","https://evolxd.github.io/TCFOral/audio/b2/tache2-11-e-c-a-a-c-e-03-de-mon-cote-faut-il-arriver-en-avance-ou-apporter-un-document-pa.mp3?v=18"
"47","[11 预约与服务细节｜4] 如果我需要修改或取消预约，流程是怎样的？","Et si je dois modifier ou annuler la réservation, comment cela se passe-t-il ?","预约与服务细节","https://evolxd.github.io/TCFOral/audio/b2/tache2-11-e-c-a-a-c-e-04-et-si-je-dois-modifier-ou-annuler-la-reservation-comment-cela-se.mp3?v=18"
"48","[11 预约与服务细节｜5] 有没有什么实用建议，可以让整个过程更顺利？","Y a-t-il des recommandations utiles pour que tout se passe dans de bonnes conditions ?","预约与服务细节","https://evolxd.github.io/TCFOral/audio/b2/tache2-11-e-c-a-a-c-e-05-y-a-t-il-des-recommandations-utiles-pour-que-tout-se-passe-dans.mp3?v=18"
"49","[12 照看孩子/宠物与送礼｜1] 为了确保把事情做好，我想先了解他的习惯和偏好。","Pour être sûr de faire les choses correctement, j'aimerais d'abord connaître ses habitudes et ses préférences.","照看孩子/宠物与送礼","https://evolxd.github.io/TCFOral/audio/b2/tache2-12-c-c-a-a-a-c-a-e-c-01-pour-etre-sur-de-faire-les-choses-correctement-j-aimerais-d-abor.mp3?v=18"
"50","[12 照看孩子/宠物与送礼｜2] 有没有他特别喜欢的东西，或者相反最好避免的东西？","Y a-t-il quelque chose qu'il aime particulièrement, ou au contraire quelque chose qu'il vaut mieux éviter ?","照看孩子/宠物与送礼","https://evolxd.github.io/TCFOral/audio/b2/tache2-12-c-c-a-a-a-c-a-e-c-02-y-a-t-il-quelque-chose-qu-il-aime-particulierement-ou-au-contrai.mp3?v=18"
"51","[12 照看孩子/宠物与送礼｜3] 如果出现问题或意外，我应该优先联系谁？","En cas de problème ou d'imprévu, qui dois-je contacter en priorité ?","照看孩子/宠物与送礼","https://evolxd.github.io/TCFOral/audio/b2/questions-28-cadeau-enfant-animal-03-en-cas-de-probleme-ou-d-imprevu-qui-dois-je-contacter-en-priorit.mp3?v=18"
"52","[12 照看孩子/宠物与送礼｜4] 如果我选择礼物，您更希望是实用的、个人化的，还是更有象征意义的？","Si je choisis un cadeau, préférez-vous quelque chose d'utile, de personnel ou plutôt symbolique ?","照看孩子/宠物与送礼","https://evolxd.github.io/TCFOral/audio/b2/tache2-12-c-c-a-a-a-c-a-e-c-04-si-je-choisis-un-cadeau-preferez-vous-quelque-chose-d-utile-de-p.mp3?v=18"
"53","[12 照看孩子/宠物与送礼｜5] 我宁愿提前问清楚，因为一个小细节有时会改变整个安排。","Je préfère poser ces questions à l'avance, car un petit détail peut parfois changer l'organisation.","照看孩子/宠物与送礼","https://evolxd.github.io/TCFOral/audio/b2/tache2-12-c-c-a-a-a-c-a-e-c-05-je-prefere-poser-ces-questions-a-l-avance-car-un-petit-detail-pe.mp3?v=18"
"54","[13 追问与确认｜1] 当您说这是可以的，这是特殊情况，还是通常都可以这样做？","Quand vous dites que c'est possible, est-ce une possibilité exceptionnelle ou une pratique habituelle ?","追问与确认","https://evolxd.github.io/TCFOral/audio/b2/questions-29-relances-intelligentes-01-quand-vous-dites-que-c-est-possible-est-ce-une-possibilite-excep.mp3?v=18"
"55","[13 追问与确认｜2] 如果我理解正确，我需要先预约，然后确认细节，是这样吗？","Si je comprends bien, je dois d'abord réserver, puis confirmer les détails, c'est bien cela ?","追问与确认","https://evolxd.github.io/TCFOral/audio/b2/tache2-13-e-e-a-c-e-02-si-je-comprends-bien-je-dois-d-abord-reserver-puis-confirmer-les.mp3?v=18"
"56","[13 追问与确认｜3] 在实际操作中，人们最常选择哪种方案？","Dans la pratique, quelle solution les gens choisissent-ils le plus souvent ?","追问与确认","https://evolxd.github.io/TCFOral/audio/b2/questions-29-relances-intelligentes-03-dans-la-pratique-quelle-solution-les-gens-choisissent-ils-le-plu.mp3?v=18"
"57","[13 追问与确认｜4] 决定之前，有没有我应该注意的缺点？","Y a-t-il un inconvénient auquel je devrais faire attention avant de décider ?","追问与确认","https://evolxd.github.io/TCFOral/audio/b2/questions-29-relances-intelligentes-04-y-a-t-il-un-inconvenient-auquel-je-devrais-faire-attention-avant.mp3?v=18"
"58","[13 追问与确认｜5] 如果您站在我的位置，您会选择哪个选项？为什么？","Si vous étiez à ma place, quelle option choisiriez-vous, et pourquoi ?","追问与确认","https://evolxd.github.io/TCFOral/audio/b2/questions-29-relances-intelligentes-05-si-vous-etiez-a-ma-place-quelle-option-choisiriez-vous-et-pourqu.mp3?v=18"
"59","[14 结束对话｜1] 谢谢，您的解释非常清楚。","Merci, vos explications sont très claires.","结束对话","https://evolxd.github.io/TCFOral/audio/b2/tache2-14-c-a-e-01-merci-vos-explications-sont-tres-claires.mp3?v=18"
"60","[14 结束对话｜2] 我现在会把这些信息和自己的实际限制比较一下。","Je vais maintenant comparer ces informations avec mes contraintes personnelles.","结束对话","https://evolxd.github.io/TCFOral/audio/b2/tache2-14-c-a-e-02-je-vais-maintenant-comparer-ces-informations-avec-mes-contrainte.mp3?v=18"
"61","[14 结束对话｜3] 初步来看，这个方案完全可以考虑，不过我想再安静地核实一下。","À première vue, cette solution me paraît tout à fait envisageable, mais je préfère vérifier tranquillement.","结束对话","https://evolxd.github.io/TCFOral/audio/b2/tache2-14-c-a-e-03-a-premiere-vue-cette-solution-me-parait-tout-a-fait-envisageable.mp3?v=18"
"62","[14 结束对话｜4] 我会花一点时间考虑，然后再确认。","Je vais prendre un moment pour réfléchir avant de confirmer.","结束对话","https://evolxd.github.io/TCFOral/audio/b2/tache2-14-c-a-e-04-je-vais-prendre-un-moment-pour-reflechir-avant-de-confirmer.mp3?v=18"
"63","[14 结束对话｜5] 如果我还需要补充确认，我会很快再联系您。","Si j'ai besoin d'une précision supplémentaire, je vous recontacterai rapidement.","结束对话","https://evolxd.github.io/TCFOral/audio/b2/tache2-14-c-a-e-05-si-j-ai-besoin-d-une-precision-supplementaire-je-vous-recontacte.mp3?v=18"
"64","[15 四段式万能论证｜1] 在我看来，这个问题不能回答得过于简单，因为它既涉及个人选择，也涉及社会组织。","À mon avis, on ne peut pas répondre à cette question de manière trop simple, car elle touche à la fois aux choix individuels et à l'organisation de la société.","四段式万能论证","https://evolxd.github.io/TCFOral/audio/b2/tache3-15-a-a-a-e-e-e-01-a-mon-avis-on-ne-peut-pas-repondre-a-cette-question-de-maniere-t.mp3?v=18"
"65","[15 四段式万能论证｜2] 我总体上比较支持这个想法，但前提是不要把它当成万能解决方案。","Je serais plutôt favorable à cette idée, à condition qu'on ne la présente pas comme une solution miracle.","四段式万能论证","https://evolxd.github.io/TCFOral/audio/b2/tache3-15-a-a-a-e-e-e-02-je-serais-plutot-favorable-a-cette-idee-a-condition-qu-on-ne-la.mp3?v=18"
"66","[15 四段式万能论证｜3] 一方面，这种情况可能带来实际好处；另一方面，如果缺少规范，也可能造成困难。","D'un côté, cette situation peut présenter des avantages concrets, tandis que de l'autre, elle peut engendrer des difficultés si elle est mal encadrée.","四段式万能论证","https://evolxd.github.io/TCFOral/audio/b2/tache3-15-a-a-a-e-e-e-03-d-un-cote-cette-situation-peut-presenter-des-avantages-concrets.mp3?v=18"
"67","[15 四段式万能论证｜4] 例如，在日常生活中，一项措施对某些群体可能很有效，但对另一些人可能很难执行。","Par exemple, dans la vie quotidienne, une mesure peut très bien fonctionner pour certains publics, mais devenir difficile à appliquer pour d'autres.","四段式万能论证","https://evolxd.github.io/TCFOral/audio/b2/tache3-15-a-a-a-e-e-e-04-par-exemple-dans-la-vie-quotidienne-une-mesure-peut-tres-bien-fo.mp3?v=18"
"68","[15 四段式万能论证｜5] 所以我认为关键是要在效率、公平和责任之间寻找平衡。","C'est pourquoi je pense que l'essentiel est de chercher un équilibre entre efficacité, justice et responsabilité.","四段式万能论证","https://evolxd.github.io/TCFOral/audio/b2/tache3-15-a-a-a-e-e-e-05-c-est-pourquoi-je-pense-que-l-essentiel-est-de-chercher-un-equil.mp3?v=18"
"69","[16 Intégration et identité｜1] 在我看来，融入不应等同于抹去原有身份。","Selon moi, l'intégration ne doit pas être confondue avec l'effacement de l'identité d'origine.","Intégration et identité","https://evolxd.github.io/TCFOral/audio/b2/tache3-16-inta-gration-et-identita-01-selon-moi-l-integration-ne-doit-pas-etre-confondue-avec-l-efface.mp3?v=18"
"70","[16 Intégration et identité｜2] 融入不是让自己变得不可见，而是在保留个人经历的同时学习接纳国的规则。","S'intégrer, ce n'est pas devenir invisible, mais apprendre les codes du pays d'accueil tout en gardant une part de son histoire.","Intégration et identité","https://evolxd.github.io/TCFOral/audio/b2/tache3-16-inta-gration-et-identita-02-s-integrer-ce-n-est-pas-devenir-invisible-mais-apprendre-les-cod.mp3?v=18"
"71","[16 Intégration et identité｜3] 当每个人接受共同框架时，社会会更有凝聚力。","Concrètement, une société est plus cohérente lorsque chacun accepte un cadre commun.","Intégration et identité","https://evolxd.github.io/TCFOral/audio/b2/tache3-16-inta-gration-et-identita-03-concretement-une-societe-est-plus-coherente-lorsque-chacun-accep.mp3?v=18"
"72","[16 Intégration et identité｜4] 但当差异能够表达而不被视为威胁时，社会也会更丰富。","En même temps, elle est aussi plus riche lorsque les différences peuvent s'exprimer sans être vues comme une menace.","Intégration et identité","https://evolxd.github.io/TCFOral/audio/b2/tache3-16-inta-gration-et-identita-04-en-meme-temps-elle-est-aussi-plus-riche-lorsque-les-differences.mp3?v=18"
"73","[16 Intégration et identité｜5] 成功的融入因此建立在适应和尊重个人经历之间的平衡上。","L'intégration réussie repose donc sur un équilibre entre adaptation et respect des parcours personnels.","Intégration et identité","https://evolxd.github.io/TCFOral/audio/b2/tache3-16-inta-gration-et-identita-05-l-integration-reussie-repose-donc-sur-un-equilibre-entre-adaptat.mp3?v=18"
"74","[17 École et égalité des chances｜1] 学校很重要，因为它传授知识和方法。","Pour moi, l'école joue un rôle essentiel, car elle transmet des connaissances et des méthodes.","École et égalité des chances","https://evolxd.github.io/TCFOral/audio/b2/tache3-17-a-cole-et-a-galita-des-chances-01-pour-moi-l-ecole-joue-un-role-essentiel-car-elle-transmet-des-co.mp3?v=18"
"75","[17 École et égalité des chances｜2] 它也可以通过提供共同工具来减少一些起点上的不平等。","Elle peut aussi réduire certaines inégalités de départ en donnant à chacun des outils communs.","École et égalité des chances","https://evolxd.github.io/TCFOral/audio/b2/tache3-17-a-cole-et-a-galita-des-chances-02-elle-peut-aussi-reduire-certaines-inegalites-de-depart-en-donnan.mp3?v=18"
"76","[17 École et égalité des chances｜3] 但是，学校不能单独解决所有社会困难。","Cependant, elle ne peut pas corriger seule toutes les difficultés sociales.","École et égalité des chances","https://evolxd.github.io/TCFOral/audio/b2/tache3-17-a-cole-et-a-galita-des-chances-03-cependant-elle-ne-peut-pas-corriger-seule-toutes-les-difficultes.mp3?v=18"
"77","[17 École et égalité des chances｜4] 如果只强调成绩，就可能忽视自信、合作和批判性思维。","Par exemple, si l'on insiste uniquement sur les résultats, on risque d'oublier la confiance, la coopération et l'esprit critique.","École et égalité des chances","https://evolxd.github.io/TCFOral/audio/b2/tache3-17-a-cole-et-a-galita-des-chances-04-par-exemple-si-l-on-insiste-uniquement-sur-les-resultats-on-risq.mp3?v=18"
"78","[17 École et égalité des chances｜5] 在我看来，好的教育应该培养学生理解世界并找到自身位置的能力。","À mes yeux, une bonne éducation doit former des élèves capables de comprendre le monde et d'y trouver leur place.","École et égalité des chances","https://evolxd.github.io/TCFOral/audio/b2/tache3-17-a-cole-et-a-galita-des-chances-05-a-mes-yeux-une-bonne-education-doit-former-des-eleves-capables-d.mp3?v=18"
"79","[18 Numérique et autonomie｜1] 科技带来很多好处，因为它让获取信息和服务更方便。","Je pense que la technologie apporte beaucoup d'avantages, car elle facilite l'accès à l'information et aux services.","Numérique et autonomie","https://evolxd.github.io/TCFOral/audio/b2/tache3-18-numa-rique-et-autonomie-01-je-pense-que-la-technologie-apporte-beaucoup-d-avantages-car-ell.mp3?v=18"
"80","[18 Numérique et autonomie｜2] 它也能节省时间，让沟通更容易。","Elle permet aussi de gagner du temps et de communiquer plus facilement.","Numérique et autonomie","https://evolxd.github.io/TCFOral/audio/b2/tache3-18-numa-rique-et-autonomie-02-elle-permet-aussi-de-gagner-du-temps-et-de-communiquer-plus-faci.mp3?v=18"
"81","[18 Numérique et autonomie｜3] 但是，如果使用不加控制，它可能削弱注意力并造成依赖。","Cependant, si son usage n'est pas maîtrisé, elle peut aussi réduire l'attention et créer une dépendance.","Numérique et autonomie","https://evolxd.github.io/TCFOral/audio/b2/tache3-18-numa-rique-et-autonomie-03-cependant-si-son-usage-n-est-pas-maitrise-elle-peut-aussi-reduir.mp3?v=18"
"82","[18 Numérique et autonomie｜4] 所以真正的问题不是科技本身，而是我们如何使用它。","Le vrai problème n'est donc pas la technologie elle-même, mais la manière dont nous l'utilisons.","Numérique et autonomie","https://evolxd.github.io/TCFOral/audio/b2/tache3-18-numa-rique-et-autonomie-04-le-vrai-probleme-n-est-donc-pas-la-technologie-elle-meme-mais-la.mp3?v=18"
"83","[18 Numérique et autonomie｜5] 我们应该学会把它当工具使用，同时不失去独立判断能力。","Il faut apprendre à s'en servir comme d'un outil, sans perdre son autonomie de jugement.","Numérique et autonomie","https://evolxd.github.io/TCFOral/audio/b2/tache3-18-numa-rique-et-autonomie-05-il-faut-apprendre-a-s-en-servir-comme-d-un-outil-sans-perdre-son.mp3?v=18"
"84","[19 Écologie réaliste｜1] 保护环境是必要的，但要被接受，也必须保持现实。","La protection de l'environnement est nécessaire, mais elle doit rester réaliste pour être acceptée.","Écologie réaliste","https://evolxd.github.io/TCFOral/audio/b2/tache3-19-a-cologie-ra-aliste-01-la-protection-de-l-environnement-est-necessaire-mais-elle-doit-r.mp3?v=18"
"85","[19 Écologie réaliste｜2] 个人行动很重要，尤其是因为它能改变习惯。","Les gestes individuels ont une valeur importante, surtout parce qu'ils changent les habitudes.","Écologie réaliste","https://evolxd.github.io/TCFOral/audio/b2/tache3-19-a-cologie-ra-aliste-02-les-gestes-individuels-ont-une-valeur-importante-surtout-parce-q.mp3?v=18"
"86","[19 Écologie réaliste｜3] 但是，如果交通、价格和集体规则不能让人们容易改变，个人行动仍然有限。","Cependant, ils restent limités si les transports, les prix et les règles collectives ne permettent pas aux gens de changer facilement.","Écologie réaliste","https://evolxd.github.io/TCFOral/audio/b2/tache3-19-a-cologie-ra-aliste-03-cependant-ils-restent-limites-si-les-transports-les-prix-et-les.mp3?v=18"
"87","[19 Écologie réaliste｜4] 因此，可信的生态转型既要有要求，也要在社会层面可以接受。","Une transition écologique crédible doit donc être exigeante, mais aussi socialement acceptable.","Écologie réaliste","https://evolxd.github.io/TCFOral/audio/b2/tache3-19-a-cologie-ra-aliste-04-une-transition-ecologique-credible-doit-donc-etre-exigeante-mais.mp3?v=18"
"88","[19 Écologie réaliste｜5] 在我看来，应该鼓励好的选择，而不只是责备个人。","À mon avis, il faut encourager les bons choix au lieu de seulement culpabiliser les individus.","Écologie réaliste","https://evolxd.github.io/TCFOral/audio/b2/tache3-19-a-cologie-ra-aliste-05-a-mon-avis-il-faut-encourager-les-bons-choix-au-lieu-de-seulemen.mp3?v=18"
"89","[20 Consommation et pouvoir d'achat｜1] 消费在现代社会中占有重要位置，有时甚至过于重要。","Dans les sociétés modernes, la consommation occupe une place importante, parfois même trop importante.","Consommation et pouvoir d'achat","https://evolxd.github.io/TCFOral/audio/b2/tache3-20-consommation-et-pouvoir-d-achat-01-dans-les-societes-modernes-la-consommation-occupe-une-place-impo.mp3?v=18"
"90","[20 Consommation et pouvoir d'achat｜2] 人们购物有时是为了满足需求，也可能是为了显示身份或让自己开心。","On achète parfois pour répondre à un besoin, mais aussi pour montrer son statut ou se faire plaisir.","Consommation et pouvoir d'achat","https://evolxd.github.io/TCFOral/audio/b2/tache3-20-consommation-et-pouvoir-d-achat-02-on-achete-parfois-pour-repondre-a-un-besoin-mais-aussi-pour-mont.mp3?v=18"
"91","[20 Consommation et pouvoir d'achat｜3] 问题在于，这种逻辑可能推动人们消费超过实际需要，而且不一定会问自己为什么。","Le problème, c'est que cette logique peut pousser les gens à consommer plus que nécessaire, sans toujours se demander pourquoi.","Consommation et pouvoir d'achat","https://evolxd.github.io/TCFOral/audio/b2/tache3-20-consommation-et-pouvoir-d-achat-03-le-probleme-c-est-que-cette-logique-peut-pousser-les-gens-a-cons.mp3?v=18"
"92","[20 Consommation et pouvoir d'achat｜4] 因此，谈负责任消费不只是谈价格。","Parler de consommation responsable, ce n'est donc pas seulement parler de prix.","Consommation et pouvoir d'achat","https://evolxd.github.io/TCFOral/audio/b2/tache3-20-consommation-et-pouvoir-d-achat-04-parler-de-consommation-responsable-ce-n-est-donc-pas-seulement-p.mp3?v=18"
"93","[20 Consommation et pouvoir d'achat｜5] 也要思考我们的真实需求以及广告的影响。","C'est aussi réfléchir à nos besoins réels et à l'influence de la publicité.","Consommation et pouvoir d'achat","https://evolxd.github.io/TCFOral/audio/b2/tache3-20-consommation-et-pouvoir-d-achat-05-c-est-aussi-reflechir-a-nos-besoins-reels-et-a-l-influence-de-la.mp3?v=18"
"94","[21 Santé publique et liberté｜1] 健康并不只取决于个人责任。","À mon avis, la santé ne dépend pas uniquement de la responsabilité individuelle.","Santé publique et liberté","https://evolxd.github.io/TCFOral/audio/b2/tache3-21-santa-publique-et-liberta-01-a-mon-avis-la-sante-ne-depend-pas-uniquement-de-la-responsabilit.mp3?v=18"
"95","[21 Santé publique et liberté｜2] 当然，每个人都可以在饮食、睡眠和运动方面做出努力。","Bien sûr, chacun peut agir sur son alimentation, son sommeil et son activité physique.","Santé publique et liberté","https://evolxd.github.io/TCFOral/audio/b2/tache3-21-santa-publique-et-liberta-02-bien-sur-chacun-peut-agir-sur-son-alimentation-son-sommeil-et-so.mp3?v=18"
"96","[21 Santé publique et liberté｜3] 但这些选择也取决于收入、可支配时间和生活环境。","Mais dans la réalité, ces choix dépendent aussi du revenu, du temps disponible et de l'environnement.","Santé publique et liberté","https://evolxd.github.io/TCFOral/audio/b2/tache3-21-santa-publique-et-liberta-03-mais-dans-la-realite-ces-choix-dependent-aussi-du-revenu-du-temp.mp3?v=18"
"97","[21 Santé publique et liberté｜4] 好的健康政策应该告知公民，而不是让他们产生负罪感。","Une bonne politique de santé doit donc informer les citoyens sans les culpabiliser.","Santé publique et liberté","https://evolxd.github.io/TCFOral/audio/b2/tache3-21-santa-publique-et-liberta-04-une-bonne-politique-de-sante-doit-donc-informer-les-citoyens-san.mp3?v=18"
"98","[21 Santé publique et liberté｜5] 它更应该创造具体条件，让好的选择更容易实现。","Elle doit surtout créer des conditions concrètes qui rendent les bons choix plus accessibles.","Santé publique et liberté","https://evolxd.github.io/TCFOral/audio/b2/tache3-21-santa-publique-et-liberta-05-elle-doit-surtout-creer-des-conditions-concretes-qui-rendent-les.mp3?v=18"
"99","[22 Famille moderne｜1] 家庭发生了很大变化，但并没有失去重要性。","La famille a beaucoup changé, mais elle n'a pas perdu son importance.","Famille moderne","https://evolxd.github.io/TCFOral/audio/b2/tache3-22-famille-moderne-01-la-famille-a-beaucoup-change-mais-elle-n-a-pas-perdu-son-importa.mp3?v=18"
"100","[22 Famille moderne｜2] 它不像过去那样主要建立在社会义务上，而更多建立在对话、感情和互助上。","Elle repose moins qu'avant sur l'obligation sociale, et davantage sur le dialogue, l'affection et l'entraide.","Famille moderne","https://evolxd.github.io/TCFOral/audio/b2/tache3-22-famille-moderne-02-elle-repose-moins-qu-avant-sur-l-obligation-sociale-et-davantage.mp3?v=18"
"101","[22 Famille moderne｜3] 这种变化有时可能带来不稳定，因为参照标准不像过去那么固定。","Cette évolution peut parfois créer de l'instabilité, parce que les repères sont moins fixes qu'avant.","Famille moderne","https://evolxd.github.io/TCFOral/audio/b2/tache3-22-famille-moderne-03-cette-evolution-peut-parfois-creer-de-l-instabilite-parce-que-le.mp3?v=18"
"102","[22 Famille moderne｜4] 但它也让关系更加自由，更尊重个人选择。","Mais elle permet aussi des relations plus libres et plus respectueuses des choix individuels.","Famille moderne","https://evolxd.github.io/TCFOral/audio/b2/tache3-22-famille-moderne-04-mais-elle-permet-aussi-des-relations-plus-libres-et-plus-respect.mp3?v=18"
"103","[22 Famille moderne｜5] 在我看来，现代家庭需要在支持、自由和责任之间找到平衡。","À mon avis, la famille moderne doit trouver un équilibre entre soutien, liberté et responsabilité.","Famille moderne","https://evolxd.github.io/TCFOral/audio/b2/tache3-22-famille-moderne-05-a-mon-avis-la-famille-moderne-doit-trouver-un-equilibre-entre-so.mp3?v=18"
"104","[23 Tâche 2 : questions de base à mémoriser｜1] 您能告诉我具体怎么进行吗？","Pourriez-vous me dire comment cela se déroule concrètement ?","Tâche 2 : questions de base à mémoriser","https://evolxd.github.io/TCFOral/audio/b2/questions-23-ta-che-2-questions-de-base-a-ma-moriser-01-pourriez-vous-me-dire-comment-cela-se-deroule-concretement.mp3?v=18"
"105","[23 Tâche 2 : questions de base à mémoriser｜2] 有哪些可选时间？需要提前预约吗？","Quels sont les horaires disponibles, et faut-il réserver à l'avance ?","Tâche 2 : questions de base à mémoriser","https://evolxd.github.io/TCFOral/audio/b2/questions-23-ta-che-2-questions-de-base-a-ma-moriser-02-quels-sont-les-horaires-disponibles-et-faut-il-reserver-a-l-avan.mp3?v=18"
"106","[23 Tâche 2 : questions de base à mémoriser｜3] 总费用是多少？有没有额外费用？","Combien cela coûte-t-il au total, et y a-t-il des frais supplémentaires ?","Tâche 2 : questions de base à mémoriser","https://evolxd.github.io/TCFOral/audio/b2/questions-23-ta-che-2-questions-de-base-a-ma-moriser-03-combien-cela-coute-t-il-au-total-et-y-a-t-il-des-frais-supplemen.mp3?v=18"
"107","[23 Tâche 2 : questions de base à mémoriser｜4] 报名或预约需要准备哪些文件？","Quels documents dois-je prévoir pour l'inscription ou la réservation ?","Tâche 2 : questions de base à mémoriser","https://evolxd.github.io/TCFOral/audio/b2/questions-23-ta-che-2-questions-de-base-a-ma-moriser-04-quels-documents-dois-je-prevoir-pour-l-inscription-ou-la-reserva.mp3?v=18"
"108","[23 Tâche 2 : questions de base à mémoriser｜5] 如果我的时间安排改变，我可以修改或取消吗？","Puis-je modifier ou annuler si mon emploi du temps change ?","Tâche 2 : questions de base à mémoriser","https://evolxd.github.io/TCFOral/audio/b2/questions-23-ta-che-2-questions-de-base-a-ma-moriser-05-puis-je-modifier-ou-annuler-si-mon-emploi-du-temps-change.mp3?v=18"
"109","[24 Logement, colocation, immeuble｜1] 这个住房有家具吗，还是一开始需要自己买一些东西？","Le logement est-il meublé ou faut-il prévoir certains achats dès le début ?","Logement, colocation, immeuble","https://evolxd.github.io/TCFOral/audio/b2/questions-24-logement-colocation-immeuble-01-le-logement-est-il-meuble-ou-faut-il-prevoir-certains-achats-des.mp3?v=18"
"110","[24 Logement, colocation, immeuble｜2] 房租里包含哪些费用：暖气、电费、网络或保险？","Qu'est-ce qui est inclus dans le loyer : chauffage, électricité, Internet ou assurance ?","Logement, colocation, immeuble","https://evolxd.github.io/TCFOral/audio/b2/questions-24-logement-colocation-immeuble-02-qu-est-ce-qui-est-inclus-dans-le-loyer-chauffage-electricite-int.mp3?v=18"
"111","[24 Logement, colocation, immeuble｜3] 您会如何描述楼里或合租生活中的氛围？","Comment décririez-vous l'ambiance de l'immeuble ou de la colocation ?","Logement, colocation, immeuble","https://evolxd.github.io/TCFOral/audio/b2/questions-24-logement-colocation-immeuble-03-comment-decririez-vous-l-ambiance-de-l-immeuble-ou-de-la-colocat.mp3?v=18"
"112","[24 Logement, colocation, immeuble｜4] 关于噪音、访客或公共空间有没有特别规定？","Y a-t-il des règles particulières concernant le bruit, les invités ou les espaces communs ?","Logement, colocation, immeuble","https://evolxd.github.io/TCFOral/audio/b2/questions-24-logement-colocation-immeuble-04-y-a-t-il-des-regles-particulieres-concernant-le-bruit-les-invite.mp3?v=18"
"113","[24 Logement, colocation, immeuble｜5] 这个街区在交通、购物和行政手续方面方便吗？","Le quartier est-il pratique pour les transports, les courses et les démarches administratives ?","Logement, colocation, immeuble","https://evolxd.github.io/TCFOral/audio/b2/questions-24-logement-colocation-immeuble-05-le-quartier-est-il-pratique-pour-les-transports-les-courses-et-l.mp3?v=18"
"114","[25 Voyage, transport, location de voiture｜1] 如果我想在价格、速度和舒适度之间取得平衡，您会推荐哪种交通方式？","Quel moyen de transport me conseilleriez-vous si je cherche un bon équilibre entre prix, rapidité et confort ?","Voyage, transport, location de voiture","https://evolxd.github.io/TCFOral/audio/b2/questions-25-voyage-transport-location-de-voiture-01-quel-moyen-de-transport-me-conseilleriez-vous-si-je-cherche-un-b.mp3?v=18"
"115","[25 Voyage, transport, location de voiture｜2] 价格会不会根据时间段或预订时间而变化？","Les tarifs varient-ils selon la période ou le moment de la réservation ?","Voyage, transport, location de voiture","https://evolxd.github.io/TCFOral/audio/b2/questions-25-voyage-transport-location-de-voiture-02-les-tarifs-varient-ils-selon-la-periode-ou-le-moment-de-la-reser.mp3?v=18"
"116","[25 Voyage, transport, location de voiture｜3] 哪些文件是必须的，比如保险、驾照或签证？","Quels documents sont obligatoires, notamment pour l'assurance, le permis ou le visa ?","Voyage, transport, location de voiture","https://evolxd.github.io/TCFOral/audio/b2/questions-25-voyage-transport-location-de-voiture-03-quels-documents-sont-obligatoires-notamment-pour-l-assurance-le.mp3?v=18"
"117","[25 Voyage, transport, location de voiture｜4] 如果延误、取消或车辆故障，应该走什么流程？","En cas de retard, d'annulation ou de panne, quelle est la procédure à suivre ?","Voyage, transport, location de voiture","https://evolxd.github.io/TCFOral/audio/b2/questions-25-voyage-transport-location-de-voiture-04-en-cas-de-retard-d-annulation-ou-de-panne-quelle-est-la-procedur.mp3?v=18"
"118","[25 Voyage, transport, location de voiture｜5] 有没有新来的人经常忽略的实用建议？","Y a-t-il des conseils pratiques que les nouveaux arrivants oublient souvent ?","Voyage, transport, location de voiture","https://evolxd.github.io/TCFOral/audio/b2/questions-25-voyage-transport-location-de-voiture-05-y-a-t-il-des-conseils-pratiques-que-les-nouveaux-arrivants-oubli.mp3?v=18"
"119","[26 Cours, clubs, associations｜1] 这个活动面向什么人群：初学者、有经验的人，还是只面向成人？","À quel public cette activité s'adresse-t-elle : débutants, personnes confirmées ou adultes seulement ?","Cours, clubs, associations","https://evolxd.github.io/TCFOral/audio/b2/questions-26-cours-clubs-associations-01-a-quel-public-cette-activite-s-adresse-t-elle-debutants-personne.mp3?v=18"
"120","[26 Cours, clubs, associations｜2] 课程是自由轻松型，还是有明确目标的结构化安排？","Le programme est-il libre et convivial, ou bien structuré avec des objectifs précis ?","Cours, clubs, associations","https://evolxd.github.io/TCFOral/audio/b2/questions-26-cours-clubs-associations-02-le-programme-est-il-libre-et-convivial-ou-bien-structure-avec-de.mp3?v=18"
"121","[26 Cours, clubs, associations｜3] 每节课通常有多少人参加？","Combien de personnes participent habituellement à chaque séance ?","Cours, clubs, associations","https://evolxd.github.io/TCFOral/audio/b2/questions-26-cours-clubs-associations-03-combien-de-personnes-participent-habituellement-a-chaque-seance.mp3?v=18"
"122","[26 Cours, clubs, associations｜4] 材料是提供的，还是需要自己购买？","Le matériel est-il fourni ou faut-il l'acheter soi-même ?","Cours, clubs, associations","https://evolxd.github.io/TCFOral/audio/b2/questions-26-cours-clubs-associations-04-le-materiel-est-il-fourni-ou-faut-il-l-acheter-soi-meme.mp3?v=18"
"123","[26 Cours, clubs, associations｜5] 长期报名之前有没有试听课？","Existe-t-il une séance d'essai avant de s'engager pour une période plus longue ?","Cours, clubs, associations","https://evolxd.github.io/TCFOral/audio/b2/questions-26-cours-clubs-associations-05-existe-t-il-une-seance-d-essai-avant-de-s-engager-pour-une-perio.mp3?v=18"
"124","[27 Restaurant, hotel, rendez-vous｜1] 您能确认我感兴趣日期的具体时间和是否有空位吗？","Pourriez-vous me confirmer les horaires exacts et la disponibilité pour la date qui m'intéresse ?","Restaurant, hotel, rendez-vous","https://evolxd.github.io/TCFOral/audio/b2/questions-27-restaurant-hotel-rendez-vous-01-pourriez-vous-me-confirmer-les-horaires-exacts-et-la-disponibili.mp3?v=18"
"125","[27 Restaurant, hotel, rendez-vous｜2] 价格里包含哪些服务？哪些服务需要额外收费？","Quels services sont compris dans le prix, et lesquels sont facturés en supplément ?","Restaurant, hotel, rendez-vous","https://evolxd.github.io/TCFOral/audio/b2/questions-27-restaurant-hotel-rendez-vous-02-quels-services-sont-compris-dans-le-prix-et-lesquels-sont-factur.mp3?v=18"
"126","[27 Restaurant, hotel, rendez-vous｜3] 需要提前到达或遵守什么特别条件吗？","Faut-il arriver en avance ou respecter une condition particulière ?","Restaurant, hotel, rendez-vous","https://evolxd.github.io/TCFOral/audio/b2/questions-27-restaurant-hotel-rendez-vous-03-faut-il-arriver-en-avance-ou-respecter-une-condition-particulier.mp3?v=18"
"127","[27 Restaurant, hotel, rendez-vous｜4] 如果我要改期或修改人数，流程是怎样的？","Comment cela se passe-t-il si je dois reporter le rendez-vous ou modifier le nombre de personnes ?","Restaurant, hotel, rendez-vous","https://evolxd.github.io/TCFOral/audio/b2/questions-27-restaurant-hotel-rendez-vous-04-comment-cela-se-passe-t-il-si-je-dois-reporter-le-rendez-vous-ou.mp3?v=18"
"128","[27 Restaurant, hotel, rendez-vous｜5] 如果我和同事、孩子或老人一起来，有没有更合适的选择？","Y a-t-il une option plus adaptée si je viens avec des collègues, des enfants ou des personnes âgées ?","Restaurant, hotel, rendez-vous","https://evolxd.github.io/TCFOral/audio/b2/questions-27-restaurant-hotel-rendez-vous-05-y-a-t-il-une-option-plus-adaptee-si-je-viens-avec-des-collegues.mp3?v=18"
"129","[28 Cadeau, enfant, animal｜1] 他的日常习惯是什么，尤其是吃饭、睡眠和娱乐方面？","Quelles sont ses habitudes quotidiennes, notamment pour les repas, le sommeil et les loisirs ?","Cadeau, enfant, animal","https://evolxd.github.io/TCFOral/audio/b2/questions-28-cadeau-enfant-animal-01-quelles-sont-ses-habitudes-quotidiennes-notamment-pour-les-repas.mp3?v=18"
"130","[28 Cadeau, enfant, animal｜2] 有没有他特别喜欢或最好避免的东西？","Y a-t-il quelque chose qu'il aime particulièrement ou qu'il vaut mieux éviter ?","Cadeau, enfant, animal","https://evolxd.github.io/TCFOral/audio/b2/questions-28-cadeau-enfant-animal-02-y-a-t-il-quelque-chose-qu-il-aime-particulierement-ou-qu-il-vaut.mp3?v=18"
"131","[28 Cadeau, enfant, animal｜3] 如果出现问题或意外，我应该优先联系谁？","En cas de problème ou d'imprévu, qui dois-je contacter en priorité ?","Cadeau, enfant, animal","https://evolxd.github.io/TCFOral/audio/b2/questions-28-cadeau-enfant-animal-03-en-cas-de-probleme-ou-d-imprevu-qui-dois-je-contacter-en-priorit.mp3?v=18"
"132","[28 Cadeau, enfant, animal｜4] 关于礼物，您更希望实用、个人化，还是象征性的心意？","Pour un cadeau, préférez-vous quelque chose d'utile, de personnel ou de symbolique ?","Cadeau, enfant, animal","https://evolxd.github.io/TCFOral/audio/b2/questions-28-cadeau-enfant-animal-04-pour-un-cadeau-preferez-vous-quelque-chose-d-utile-de-personnel.mp3?v=18"
"133","[28 Cadeau, enfant, animal｜5] 有没有重要限制需要遵守，比如过敏、预算或家庭偏好？","Y a-t-il une contrainte importante à respecter, par exemple une allergie, un budget ou une préférence familiale ?","Cadeau, enfant, animal","https://evolxd.github.io/TCFOral/audio/b2/questions-28-cadeau-enfant-animal-05-y-a-t-il-une-contrainte-importante-a-respecter-par-exemple-une-a.mp3?v=18"
"134","[29 Relances intelligentes｜1] 当您说这是可以的，这是特殊情况，还是通常都可以这样做？","Quand vous dites que c'est possible, est-ce une possibilité exceptionnelle ou une pratique habituelle ?","Relances intelligentes","https://evolxd.github.io/TCFOral/audio/b2/questions-29-relances-intelligentes-01-quand-vous-dites-que-c-est-possible-est-ce-une-possibilite-excep.mp3?v=18"
"135","[29 Relances intelligentes｜2] 为了确认我理解正确，这是否意味着我需要先预约，然后确认细节？","Pour être sûr d'avoir bien compris, cela signifie donc que je dois d'abord réserver, puis confirmer les détails ?","Relances intelligentes","https://evolxd.github.io/TCFOral/audio/b2/questions-29-relances-intelligentes-02-pour-etre-sur-d-avoir-bien-compris-cela-signifie-donc-que-je-doi.mp3?v=18"
"136","[29 Relances intelligentes｜3] 在实际操作中，人们最常选择哪种方案？","Dans la pratique, quelle solution les gens choisissent-ils le plus souvent ?","Relances intelligentes","https://evolxd.github.io/TCFOral/audio/b2/questions-29-relances-intelligentes-03-dans-la-pratique-quelle-solution-les-gens-choisissent-ils-le-plu.mp3?v=18"
"137","[29 Relances intelligentes｜4] 在做决定之前，有没有我应该注意的缺点？","Y a-t-il un inconvénient auquel je devrais faire attention avant de prendre ma décision ?","Relances intelligentes","https://evolxd.github.io/TCFOral/audio/b2/questions-29-relances-intelligentes-04-y-a-t-il-un-inconvenient-auquel-je-devrais-faire-attention-avant.mp3?v=18"
"138","[29 Relances intelligentes｜5] 如果您站在我的位置，您会选择哪个选项？为什么？","Si vous étiez à ma place, quelle option choisiriez-vous, et pourquoi ?","Relances intelligentes","https://evolxd.github.io/TCFOral/audio/b2/questions-29-relances-intelligentes-05-si-vous-etiez-a-ma-place-quelle-option-choisiriez-vous-et-pourqu.mp3?v=18"
"139","[30 Questions d'opinion a transformer en reflexe｜1] 您怎么看当今社会中的这种变化？","Que pensez-vous de cette évolution dans la société actuelle ?","Questions d'opinion a transformer en reflexe","https://evolxd.github.io/TCFOral/audio/b2/questions-30-questions-d-opinion-a-transformer-en-reflexe-01-que-pensez-vous-de-cette-evolution-dans-la-societe-actuelle.mp3?v=18"
"140","[30 Questions d'opinion a transformer en reflexe｜2] 在您看来，优点是否大于缺点？","À votre avis, les avantages l'emportent-ils sur les inconvénients ?","Questions d'opinion a transformer en reflexe","https://evolxd.github.io/TCFOral/audio/b2/questions-30-questions-d-opinion-a-transformer-en-reflexe-02-a-votre-avis-les-avantages-l-emportent-ils-sur-les-inconvenients.mp3?v=18"
"141","[30 Questions d'opinion a transformer en reflexe｜3] 您认为国家、家庭还是个人应该承担主要责任？","Pensez-vous que l'État, les familles ou les individus doivent assumer la responsabilité principale ?","Questions d'opinion a transformer en reflexe","https://evolxd.github.io/TCFOral/audio/b2/questions-30-questions-d-opinion-a-transformer-en-reflexe-03-pensez-vous-que-l-etat-les-familles-ou-les-individus-doivent-ass.mp3?v=18"
"142","[30 Questions d'opinion a transformer en reflexe｜4] 这更像是个人自由的问题，还是公共利益的问题？","Est-ce plutôt une question de liberté personnelle ou d'intérêt collectif ?","Questions d'opinion a transformer en reflexe","https://evolxd.github.io/TCFOral/audio/b2/questions-30-questions-d-opinion-a-transformer-en-reflexe-04-est-ce-plutot-une-question-de-liberte-personnelle-ou-d-interet-c.mp3?v=18"
"143","[30 Questions d'opinion a transformer en reflexe｜5] 这种解决办法在日常生活中到底能在多大程度上发挥作用？","Dans quelle mesure cette solution peut-elle vraiment fonctionner dans la vie quotidienne ?","Questions d'opinion a transformer en reflexe","https://evolxd.github.io/TCFOral/audio/b2/questions-30-questions-d-opinion-a-transformer-en-reflexe-05-dans-quelle-mesure-cette-solution-peut-elle-vraiment-fonctionner.mp3?v=18"
"144","[31 Transformer une intention simple｜1] 我想了解一些信息。","Je voudrais avoir des informations.","Transformer une intention simple","https://evolxd.github.io/TCFOral/audio/b2/variations-31-transformer-une-intention-simple-01-je-voudrais-avoir-des-informations.mp3?v=18"
"145","[31 Transformer une intention simple｜2] 在做决定之前，我需要弄清楚实际流程。","Avant de prendre une décision, j'aurais besoin de comprendre le déroulement concret.","Transformer une intention simple","https://evolxd.github.io/TCFOral/audio/b2/variations-31-transformer-une-intention-simple-02-avant-de-prendre-une-decision-j-aurais-besoin-de-comprendre-le-d.mp3?v=18"
"146","[31 Transformer une intention simple｜3] 您能不能给我比较准确地介绍一下实际情况？","Pourriez-vous me donner une idée précise de la manière dont cela se passe en pratique ?","Transformer une intention simple","https://evolxd.github.io/TCFOral/audio/b2/variations-31-transformer-une-intention-simple-03-pourriez-vous-me-donner-une-idee-precise-de-la-maniere-dont-cela.mp3?v=18"
"147","[31 Transformer une intention simple｜4] 在实际操作中，通常是怎么进行的？","Dans les faits, comment cela se déroule-t-il le plus souvent ?","Transformer une intention simple","https://evolxd.github.io/TCFOral/audio/b2/variations-31-transformer-une-intention-simple-04-dans-les-faits-comment-cela-se-deroule-t-il-le-plus-souvent.mp3?v=18"
"148","[31 Transformer une intention simple｜5] 所以如果我理解正确，我需要先预约，然后再确认细节，是这样吗？","Donc, si je comprends bien, je dois d'abord réserver, puis confirmer les détails, c'est bien cela ?","Transformer une intention simple","https://evolxd.github.io/TCFOral/audio/b2/variations-31-transformer-une-intention-simple-05-donc-si-je-comprends-bien-je-dois-d-abord-reserver-puis-confirme.mp3?v=18"
"149","[32 Transformer avantages / inconvénients｜1] 这个方案有优点，但也有限制。","Cette solution présente des avantages, mais elle a aussi des limites.","Transformer avantages / inconvénients","https://evolxd.github.io/TCFOral/audio/b2/variations-32-transformer-avantages-inconva-nients-01-cette-solution-presente-des-avantages-mais-elle-a-aussi-des-limi.mp3?v=18"
"150","[32 Transformer avantages / inconvénients｜2] 我承认它有吸引力，尤其是因为它回应了真实需求。","Je reconnais qu'elle peut être attractive, surtout parce qu'elle répond à un besoin réel.","Transformer avantages / inconvénients","https://evolxd.github.io/TCFOral/audio/b2/variations-32-transformer-avantages-inconva-nients-02-je-reconnais-qu-elle-peut-etre-attractive-surtout-parce-qu-elle.mp3?v=18"
"151","[32 Transformer avantages / inconvénients｜3] 但是，它不一定适合所有人群和所有情况。","Cependant, elle ne convient pas forcément à tous les publics ni à toutes les situations.","Transformer avantages / inconvénients","https://evolxd.github.io/TCFOral/audio/b2/variations-32-transformer-avantages-inconva-nients-03-cependant-elle-ne-convient-pas-forcement-a-tous-les-publics-ni-a.mp3?v=18"
"152","[32 Transformer avantages / inconvénients｜4] 如果没有配套措施，它甚至可能制造新的困难。","Sans accompagnement, elle risque même de créer de nouvelles difficultés.","Transformer avantages / inconvénients","https://evolxd.github.io/TCFOral/audio/b2/variations-32-transformer-avantages-inconva-nients-04-sans-accompagnement-elle-risque-meme-de-creer-de-nouvelles-diffi.mp3?v=18"
"153","[32 Transformer avantages / inconvénients｜5] 所以需要根据实施条件来评估它。","Il faut donc l'évaluer selon ses conditions de mise en œuvre.","Transformer avantages / inconvénients","https://evolxd.github.io/TCFOral/audio/b2/variations-32-transformer-avantages-inconva-nients-05-il-faut-donc-l-evaluer-selon-ses-conditions-de-mise-en-uvre.mp3?v=18"
"154","[33 Transformer une idee banale sur la technologie｜1] 科技很方便。","La technologie est pratique.","Transformer une idee banale sur la technologie","https://evolxd.github.io/TCFOral/audio/b2/variations-33-transformer-une-idee-banale-sur-la-technologie-01-la-technologie-est-pratique.mp3?v=18"
"155","[33 Transformer une idee banale sur la technologie｜2] 它提高效率，也改变了我们与信息的关系。","Elle améliore l'efficacité et transforme notre rapport à l'information.","Transformer une idee banale sur la technologie","https://evolxd.github.io/TCFOral/audio/b2/variations-33-transformer-une-idee-banale-sur-la-technologie-02-elle-ameliore-l-efficacite-et-transforme-notre-rapport-a-l-infor.mp3?v=18"
"156","[33 Transformer une idee banale sur la technologie｜3] 但是，如果使用不加控制，它可能削弱注意力和批判性思维。","Cependant, si son usage n'est pas maîtrisé, elle peut affaiblir l'attention et l'esprit critique.","Transformer une idee banale sur la technologie","https://evolxd.github.io/TCFOral/audio/b2/variations-33-transformer-une-idee-banale-sur-la-technologie-03-cependant-si-son-usage-n-est-pas-maitrise-elle-peut-affaiblir-l.mp3?v=18"
"157","[33 Transformer une idee banale sur la technologie｜4] 例如，社交网络让沟通更快，但也让人接触碎片化信息。","Par exemple, les réseaux sociaux rendent la communication plus rapide, mais ils exposent aussi à des informations fragmentées.","Transformer une idee banale sur la technologie","https://evolxd.github.io/TCFOral/audio/b2/variations-33-transformer-une-idee-banale-sur-la-technologie-04-par-exemple-les-reseaux-sociaux-rendent-la-communication-plus-ra.mp3?v=18"
"158","[33 Transformer une idee banale sur la technologie｜5] 所以真正的问题不是是否使用科技，而是如何保持主动权。","La vraie question n'est donc pas d'utiliser ou non la technologie, mais de savoir comment garder le contrôle.","Transformer une idee banale sur la technologie","https://evolxd.github.io/TCFOral/audio/b2/variations-33-transformer-une-idee-banale-sur-la-technologie-05-la-vraie-question-n-est-donc-pas-d-utiliser-ou-non-la-technologi.mp3?v=18"
"159","[34 Transformer une idée banale sur l'école｜1] 学校很重要。","L'école est importante.","Transformer une idée banale sur l'école","https://evolxd.github.io/TCFOral/audio/b2/variations-34-transformer-une-ida-e-banale-sur-l-a-cole-01-l-ecole-est-importante.mp3?v=18"
"160","[34 Transformer une idée banale sur l'école｜2] 它仍然是减少起点不平等的主要方式之一。","Elle reste l'un des principaux moyens de réduire les inégalités de départ.","Transformer une idée banale sur l'école","https://evolxd.github.io/TCFOral/audio/b2/variations-34-transformer-une-ida-e-banale-sur-l-a-cole-02-elle-reste-l-un-des-principaux-moyens-de-reduire-les-inegalites.mp3?v=18"
"161","[34 Transformer une idée banale sur l'école｜3] 话虽如此，它不能单独修复所有社会不公。","Cela dit, elle ne peut pas réparer seule toutes les injustices sociales.","Transformer une idée banale sur l'école","https://evolxd.github.io/TCFOral/audio/b2/variations-34-transformer-une-ida-e-banale-sur-l-a-cole-03-cela-dit-elle-ne-peut-pas-reparer-seule-toutes-les-injustices-so.mp3?v=18"
"162","[34 Transformer une idée banale sur l'école｜4] 如果只强调成绩，就会忘记它在培养判断力方面的作用。","Si l'on insiste uniquement sur les notes, on oublie son rôle dans la formation du jugement.","Transformer une idée banale sur l'école","https://evolxd.github.io/TCFOral/audio/b2/variations-34-transformer-une-ida-e-banale-sur-l-a-cole-04-si-l-on-insiste-uniquement-sur-les-notes-on-oublie-son-role-dans.mp3?v=18"
"163","[34 Transformer une idée banale sur l'école｜5] 因此，目标应该是在知识、能力和信心之间找到平衡。","L'objectif devrait donc être de trouver un équilibre entre savoirs, compétences et confiance.","Transformer une idée banale sur l'école","https://evolxd.github.io/TCFOral/audio/b2/variations-34-transformer-une-ida-e-banale-sur-l-a-cole-05-l-objectif-devrait-donc-etre-de-trouver-un-equilibre-entre-savoi.mp3?v=18"
"164","[35 Transformer une question sur le prix｜1] 这个多少钱？","Combien cela coûte-t-il ?","Transformer une question sur le prix","https://evolxd.github.io/TCFOral/audio/b2/variations-35-transformer-une-question-sur-le-prix-01-combien-cela-coute-t-il.mp3?v=18"
"165","[35 Transformer une question sur le prix｜2] 您能告诉我总费用大概是多少吗？","Pourriez-vous m'indiquer le coût total approximatif ?","Transformer une question sur le prix","https://evolxd.github.io/TCFOral/audio/b2/variations-35-transformer-une-question-sur-le-prix-02-pourriez-vous-m-indiquer-le-cout-total-approximatif.mp3?v=18"
"166","[35 Transformer une question sur le prix｜3] 这个价格包含所有服务吗，还是需要预留额外费用？","Ce tarif comprend-il tous les services, ou faut-il prévoir des frais supplémentaires ?","Transformer une question sur le prix","https://evolxd.github.io/TCFOral/audio/b2/variations-35-transformer-une-question-sur-le-prix-03-ce-tarif-comprend-il-tous-les-services-ou-faut-il-prevoir-des-fr.mp3?v=18"
"167","[35 Transformer une question sur le prix｜4] 如果我的预算有限，您会推荐哪种方案？","Si mon budget est limité, quelle formule me conseilleriez-vous ?","Transformer une question sur le prix","https://evolxd.github.io/TCFOral/audio/b2/variations-35-transformer-une-question-sur-le-prix-04-si-mon-budget-est-limite-quelle-formule-me-conseilleriez-vous.mp3?v=18"
"168","[35 Transformer une question sur le prix｜5] 所以最终要支付的金额就是这个，没有隐藏费用，对吗？","Donc, le montant final à payer serait bien celui-ci, sans frais cachés ?","Transformer une question sur le prix","https://evolxd.github.io/TCFOral/audio/b2/variations-35-transformer-une-question-sur-le-prix-05-donc-le-montant-final-a-payer-serait-bien-celui-ci-sans-frais-ca.mp3?v=18"
"169","[36 Transformer je suis d'accord｜1] 我比较同意这个想法。","Je suis plutôt d'accord avec cette idée.","Transformer je suis d'accord","https://evolxd.github.io/TCFOral/audio/b2/variations-36-transformer-je-suis-d-accord-01-je-suis-plutot-d-accord-avec-cette-idee.mp3?v=18"
"170","[36 Transformer je suis d'accord｜2] 我觉得它有道理，但我会加一个重要条件。","Je la trouve pertinente, mais j'y ajouterais une condition importante.","Transformer je suis d'accord","https://evolxd.github.io/TCFOral/audio/b2/variations-36-transformer-je-suis-d-accord-02-je-la-trouve-pertinente-mais-j-y-ajouterais-une-condition-import.mp3?v=18"
"171","[36 Transformer je suis d'accord｜3] 它在理论上有说服力，尽管在实践中可能遇到困难。","Elle est convaincante en théorie, même si elle peut rencontrer des difficultés dans la pratique.","Transformer je suis d'accord","https://evolxd.github.io/TCFOral/audio/b2/variations-36-transformer-je-suis-d-accord-03-elle-est-convaincante-en-theorie-meme-si-elle-peut-rencontrer-de.mp3?v=18"
"172","[36 Transformer je suis d'accord｜4] 所以不能把它说成绝对答案。","Il ne faut donc pas la présenter comme une réponse absolue.","Transformer je suis d'accord","https://evolxd.github.io/TCFOral/audio/b2/variations-36-transformer-je-suis-d-accord-04-il-ne-faut-donc-pas-la-presenter-comme-une-reponse-absolue.mp3?v=18"
"173","[36 Transformer je suis d'accord｜5] 在我看来，一切取决于背景以及它如何被实施。","À mon avis, tout dépend du contexte et de la manière dont elle est appliquée.","Transformer je suis d'accord","https://evolxd.github.io/TCFOral/audio/b2/variations-36-transformer-je-suis-d-accord-05-a-mon-avis-tout-depend-du-contexte-et-de-la-maniere-dont-elle-es.mp3?v=18"
"174","[37 连接词替换表｜1] 用于让步：话虽如此；同时；必须承认。","Pour nuancer, on peut dire que cela dit, il faut reconnaître une limite importante.","连接词替换表","https://evolxd.github.io/TCFOral/audio/b2/connecteurs-37-e-e-e-01-pour-nuancer-on-peut-dire-que-cela-dit-il-faut-reconnaitre-une-l.mp3?v=18"
"175","[37 连接词替换表｜2] 用于论证：重要的是；不能忘记的是；这说明。","Pour argumenter, ce qui est important, c'est de ne pas oublier le contexte.","连接词替换表","https://evolxd.github.io/TCFOral/audio/b2/connecteurs-37-e-e-e-02-pour-argumenter-ce-qui-est-important-c-est-de-ne-pas-oublier-le.mp3?v=18"
"176","[37 连接词替换表｜3] 用于总结：总之；因此；需要寻找平衡。","Pour conclure, en résumé, il faut chercher un équilibre.","连接词替换表","https://evolxd.github.io/TCFOral/audio/b2/connecteurs-37-e-e-e-03-pour-conclure-en-resume-il-faut-chercher-un-equilibre.mp3?v=18"
