word,ipa,accent_model,syllable_count,source
significant,/sɪɡˈnɪfɪkənt/,GA,4,"standard dictionary pronunciation; cross-check pending"
approach,/əˈproʊtʃ/,GA,2,"standard dictionary pronunciation; cross-check pending"
environment,/ɪnˈvaɪrənmənt/,GA,4,"standard dictionary pronunciation; cross-check pending"
individual,/ˌɪndɪˈvɪdʒuəl/,GA,5,"standard dictionary pronunciation; cross-check pending"
establish,/ɪˈstæblɪʃ/,GA,3,"standard dictionary pronunciation; cross-check pending"
particular,/pərˈtɪkjələr/,GA,4,"standard dictionary pronunciation; cross-check pending"
specific,/spəˈsɪfɪk/,GA,3,"standard dictionary pronunciation; cross-check pending"
available,/əˈveɪləbəl/,GA,4,"standard dictionary pronunciation; cross-check pending"
consistent,/kənˈsɪstənt/,GA,3,"standard dictionary pronunciation; cross-check pending"
previous,/ˈpriːviəs/,GA,3,"standard dictionary pronunciation; cross-check pending"
research,"noun /ˈriːsɜːrtʃ/; verb /rɪˈsɜːrtʃ/",GA,2,"standard dictionary pronunciation; cross-check pending"
analysis,/əˈnæləsɪs/,GA,4,"standard dictionary pronunciation; cross-check pending"
therefore,/ˈðɛrfɔːr/,GA,2,"standard dictionary pronunciation; cross-check pending"
however,/haʊˈɛvər/,GA,3,"standard dictionary pronunciation; cross-check pending"
although,/ɔːlˈðoʊ/,GA,2,"standard dictionary pronunciation; cross-check pending"
develop,/dɪˈvɛləp/,GA,3,"standard dictionary pronunciation; cross-check pending"
require,/rɪˈkwaɪər/,GA,2,"standard dictionary pronunciation; cross-check pending"
necessary,/ˈnɛsəsɛri/,GA,4,"standard dictionary pronunciation; cross-check pending"
various,/ˈvɛriəs/,GA,3,"standard dictionary pronunciation; cross-check pending"
characteristic,/ˌkærəktəˈrɪstɪk/,GA,6,"standard dictionary pronunciation; cross-check pending"
demonstrate,/ˈdɛmənstreɪt/,GA,3,"standard dictionary pronunciation; cross-check pending"
considerable,/kənˈsɪdərəbəl/,GA,5,"standard dictionary pronunciation; cross-check pending"
substantial,/səbˈstænʃəl/,GA,3,"standard dictionary pronunciation; cross-check pending"
phenomenon,/fəˈnɑːmɪnɑːn/,GA,4,"standard dictionary pronunciation; cross-check pending"
hypothesis,/haɪˈpɑːθəsɪs/,GA,4,"standard dictionary pronunciation; cross-check pending"
methodology,/ˌmɛθəˈdɑːlədʒi/,GA,5,"standard dictionary pronunciation; cross-check pending"
comprehensive,/ˌkɑːmprɪˈhɛnsɪv/,GA,4,"standard dictionary pronunciation; cross-check pending"
inevitable,/ɪˈnɛvɪtəbəl/,GA,5,"standard dictionary pronunciation; cross-check pending"
subsequent,/ˈsʌbsɪkwənt/,GA,3,"standard dictionary pronunciation; cross-check pending"
approximately,/əˈprɑːksəmətli/,GA,5,"standard dictionary pronunciation; cross-check pending"
determine,/dɪˈtɜːrmɪn/,GA,3,"standard dictionary pronunciation; cross-check pending"
increase,"noun /ˈɪŋkriːs/; verb /ɪnˈkriːs/",GA,2,"standard dictionary pronunciation; cross-check pending"
decrease,"noun /ˈdiːkriːs/; verb /dɪˈkriːs/",GA,2,"standard dictionary pronunciation; cross-check pending"
context,/ˈkɑːntɛkst/,GA,2,"standard dictionary pronunciation; cross-check pending"
concept,/ˈkɑːnsɛpt/,GA,2,"standard dictionary pronunciation; cross-check pending"
structure,/ˈstrʌktʃər/,GA,2,"standard dictionary pronunciation; cross-check pending"
function,/ˈfʌŋkʃən/,GA,2,"standard dictionary pronunciation; cross-check pending"
process,/ˈprɑːsɛs/,GA,2,"standard dictionary pronunciation; cross-check pending"
factor,/ˈfæktər/,GA,2,"standard dictionary pronunciation; cross-check pending"
variable,/ˈvɛriəbəl/,GA,4,"standard dictionary pronunciation; cross-check pending"
sufficient,/səˈfɪʃənt/,GA,3,"standard dictionary pronunciation; cross-check pending"
efficient,/ɪˈfɪʃənt/,GA,3,"standard dictionary pronunciation; cross-check pending"
influence,/ˈɪnfluəns/,GA,3,"standard dictionary pronunciation; cross-check pending"
impact,"noun /ˈɪmpækt/; verb /ɪmˈpækt/",GA,2,"standard dictionary pronunciation; cross-check pending"
perspective,/pərˈspɛktɪv/,GA,3,"standard dictionary pronunciation; cross-check pending"
strategy,/ˈstrætədʒi/,GA,3,"standard dictionary pronunciation; cross-check pending"
principle,/ˈprɪnsəpəl/,GA,3,"standard dictionary pronunciation; cross-check pending"
theory,/ˈθɪəri/,GA,3,"standard dictionary pronunciation; cross-check pending"
evidence,/ˈɛvɪdəns/,GA,3,"standard dictionary pronunciation; cross-check pending"
conclude,/kənˈkluːd/,GA,2,"standard dictionary pronunciation; cross-check pending"
assume,/əˈsuːm/,GA,2,"standard dictionary pronunciation; cross-check pending"
achieve,/əˈtʃiːv/,GA,2,"standard dictionary pronunciation; cross-check pending"
maintain,/meɪnˈteɪn/,GA,2,"standard dictionary pronunciation; cross-check pending"
obtain,/əbˈteɪn/,GA,2,"standard dictionary pronunciation; cross-check pending"
contribute,/kənˈtrɪbjuːt/,GA,3,"standard dictionary pronunciation; cross-check pending"
distribute,/dɪˈstrɪbjuːt/,GA,3,"standard dictionary pronunciation; cross-check pending"
investigate,/ɪnˈvɛstɪɡeɪt/,GA,4,"standard dictionary pronunciation; cross-check pending"
eliminate,/ɪˈlɪmɪneɪt/,GA,4,"standard dictionary pronunciation; cross-check pending"
emphasize,/ˈɛmfəsaɪz/,GA,3,"standard dictionary pronunciation; cross-check pending"
illustrate,/ˈɪləstreɪt/,GA,3,"standard dictionary pronunciation; cross-check pending"
