word,part_of_speech,meaning,chinese_translation,related_words,difficulty,notes
significant,adjective,"important enough to be noticed or to have an effect",重要的；显著的,"significance (n.); significantly (adv.); insignificant (adj.)",Medium,"common in Essay, SWT, Read Aloud"
approach,"noun / verb","a way of dealing with something; to come near",方法；途径；接近,"approachable (adj.); approaching (v.)",Low,"very high frequency word"
environment,noun,"the surroundings or conditions in which something exists",环境,"environmental (adj.); environmentally (adv.)",Medium,""
individual,"adjective / noun","a single person; separate and distinct",个人的；个体的,"individually (adv.); individuality (n.)",Medium,""
establish,verb,"to set up or create something on a firm basis",建立；确立,"establishment (n.); established (adj.)",Medium,""
particular,adjective,"specific, distinct from others of the same kind",特定的；特别的,"particularly (adv.); in particular (phrase)",Medium,""
specific,adjective,"clearly defined or identified",具体的；特定的,"specifically (adv.); specification (n.)",Medium,""
available,adjective,"able to be used or obtained",可获得的；有空的,"availability (n.); unavailable (adj.)",Low,""
consistent,adjective,"acting or done the same way over time",一致的；持续的,"consistency (n.); consistently (adv.); inconsistent (adj.)",Medium,""
previous,adjective,"coming before in time or order",先前的,"previously (adv.)",Low,""
research,"noun / verb","systematic investigation to establish facts",研究,"researcher (n.); researched (v.)",Medium,"noun/verb stress pair"
analysis,noun,"detailed examination of the elements of something",分析,"analyze (v.); analytical (adj.); analyst (n.)",Medium,""
therefore,adverb,"for that reason",因此,"",Low,"discourse marker"
however,adverb,"in spite of that; nevertheless",然而,"",Low,"discourse marker"
although,conjunction,"in spite of the fact that",尽管,"",Low,"discourse marker"
develop,verb,"to grow or cause to grow and become more advanced",发展；开发,"development (n.); developer (n.); developing (adj.)",Low,""
require,verb,"to need something for a particular purpose",需要；要求,"requirement (n.); required (adj.)",Medium,""
necessary,adjective,"required to be done, achieved, or present",必要的,"necessity (n.); unnecessary (adj.)",Medium,""
various,adjective,"different from one another; of several kinds",各种的,"variety (n.); vary (v.); variously (adv.)",Low,""
characteristic,"noun / adjective","a distinguishing feature or quality",特征；特点,"character (n.); characterize (v.); characteristically (adv.)",High,""
demonstrate,verb,"to clearly show the existence or truth of something",证明；展示,"demonstration (n.); demonstrated (v.)",Medium,""
considerable,adjective,"large in amount, extent, or degree",相当大的,"considerably (adv.); consider (v.); consideration (n.)",Medium,""
substantial,adjective,"of considerable importance, size, or worth",大量的；实质的,"substantially (adv.); substance (n.)",Medium,""
phenomenon,noun,"a fact or situation observed to exist or happen",现象,"phenomena (plural); phenomenal (adj.)",High,""
hypothesis,noun,"a proposed explanation made on limited evidence, to be tested",假设,"hypothesize (v.); hypothetical (adj.)",High,""
methodology,noun,"a system of methods used in a particular field or study",方法论,"method (n.); methodological (adj.)",High,""
comprehensive,adjective,"complete and including everything necessary",全面的,"comprehensively (adv.); comprehend (v.); comprehension (n.)",High,""
inevitable,adjective,"certain to happen; unavoidable",不可避免的,"inevitably (adv.)",High,""
subsequent,adjective,"coming after something in time",随后的,"subsequently (adv.)",Medium,""
approximately,adverb,"close to a particular number or amount, but not exact",大约,"approximate (adj./v.); approximation (n.)",High,"high frequency in Describe Image, Essay, SWT"
determine,verb,"to establish or ascertain something precisely",确定；决定,"determination (n.); determined (adj.)",Medium,""
increase,"noun / verb","to become or make greater in size, amount, or degree",增加,"increasingly (adv.); increased (adj.)",Medium,"noun/verb stress pair"
decrease,"noun / verb","to become or make smaller in size, amount, or degree",减少,"decreasingly (adv.); decreased (adj.)",Medium,"noun/verb stress pair"
context,noun,"the circumstances that form the setting for an event or idea",背景；语境,"contextual (adj.); contextualize (v.)",Medium,""
concept,noun,"an abstract idea or general notion",概念,"conceptual (adj.); conceptualize (v.)",Low,""
structure,noun,"the arrangement of and relations between the parts of something",结构,"structural (adj.); structured (adj.); restructure (v.)",Medium,""
function,"noun / verb","an activity or purpose natural to a person or thing; to operate",功能；运作,"functional (adj.); functionality (n.); malfunction (n./v.)",Low,""
process,"noun / verb","a series of actions taken to achieve a result",过程；处理,"processed (adj.); processing (n.)",Low,"spelling-predicted vowel error"
factor,noun,"a circumstance contributing to a result",因素,"factorial (n.); factored (adj.)",Low,""
variable,"adjective / noun","able or likely to change; a factor that can vary",可变的；变量,"variably (adv.); variability (n.)",Medium,""
sufficient,adjective,"enough for a purpose",足够的,"sufficiently (adv.); insufficient (adj.)",Medium,"minimal pair with efficient"
efficient,adjective,"achieving maximum productivity with minimum wasted effort",高效的,"efficiently (adv.); efficiency (n.); inefficient (adj.)",Medium,"minimal pair with sufficient"
influence,"noun / verb","the capacity to have an effect on someone or something",影响,"influential (adj.); influenced (v.)",Medium,""
impact,"noun / verb","a marked effect or influence",影响；冲击,"impactful (adj.)",Medium,"noun/verb stress pair"
perspective,noun,"a particular attitude toward or way of viewing something",视角；观点,"perspectives (pl.)",High,""
strategy,noun,"a plan of action designed to achieve a goal",策略,"strategic (adj.); strategically (adv.); strategize (v.)",Medium,""
principle,noun,"a fundamental truth or proposition serving as a foundation",原则,"principled (adj.); principal (homophone, different word)",Medium,""
theory,noun,"a supposition or system of ideas explaining something",理论,"theoretical (adj.); theoretically (adv.); theorize (v.)",Low,""
evidence,noun,"facts or information indicating whether something is true",证据,"evident (adj.); evidently (adv.)",Medium,""
conclude,verb,"to bring to an end; to deduce from evidence",得出结论；结束,"conclusion (n.); conclusive (adj.)",Medium,""
assume,verb,"to accept as true without proof",假设；假定,"assumption (n.); assumed (adj.)",Low,"GA yod-dropping detail"
achieve,verb,"to successfully bring about a desired result",实现；达到,"achievement (n.); achievable (adj.)",Low,""
maintain,verb,"to keep something in an existing state",维持；保持,"maintenance (n.); maintained (adj.)",Low,""
obtain,verb,"to get or acquire something",获得,"obtainable (adj.)",Medium,""
contribute,verb,"to give something in order to help achieve a result",贡献；促成,"contribution (n.); contributor (n.)",Medium,""
distribute,verb,"to give shares of something to a number of recipients",分配；分发,"distribution (n.); distributor (n.)",Medium,""
investigate,verb,"to carry out research or a systematic inquiry",调查；研究,"investigation (n.); investigator (n.)",High,""
eliminate,verb,"to completely remove or get rid of something",消除,"elimination (n.)",High,""
emphasize,verb,"to give special importance to something",强调,"emphasis (n.); emphatic (adj.)",Medium,""
illustrate,verb,"to explain or make clear by using examples or pictures",说明；举例说明,"illustration (n.); illustrative (adj.)",High,""
